id,name,model_id:id,group_id:id,perm_read,perm_write,perm_create,perm_unlink
access_candidate_language_user,candidate.language user,model_candidate_language,hr.group_hr_user,1,1,1,1
access_candidate_language_manager,candidate.language manager,model_candidate_language,hr.group_hr_manager,1,1,1,1

access_candidate_education_user,candidate.education user,model_candidate_education,hr.group_hr_user,1,1,1,1
access_candidate_education_manager,candidate.education manager,model_candidate_education,hr.group_hr_manager,1,1,1,1

access_candidate_work_experience_user,candidate.work.experience user,model_candidate_work_experience,hr.group_hr_user,1,1,1,1
access_candidate_work_experience_manager,candidate.work.experience manager,model_candidate_work_experience,hr.group_hr_manager,1,1,1,1

access_exam_center_user,candidate.work.experience user,model_exam_center,hr.group_hr_user,1,1,1,1
access_exam_center_manager,candidate.work.experience manager,model_exam_center,hr.group_hr_manager,1,1,1,1

access_hr_applicant_next_stage_wizard,hr.applicant.next.stage.wizard,model_transfer_applicants_wizard,hr.group_hr_user,1,1,1,1

access_candidates_filter_wizard,candidates.filter.wizard,model_candidates_filter_wizard,hr.group_hr_user,1,1,1,1
access_hr_job_close_wizard,hr.job.close.wizard,model_hr_job_close_wizard,group_general_secretariat,1,1,1,0


access_applicant_result_report_wizard,applicant.result.report.wizard,model_applicant_result_report_wizard,base.group_user,1,1,1,1

access_hr_job_info_center,hr.job info center,hr_recruitment.model_hr_job,group_information_center,1,1,1,0
access_hr_job_information_center,hr.job Information Center,hr_recruitment.model_hr_job,group_selection_affairs,1,0,1,0
access_hr_job_general_secretariat,hr job General Secretariat,hr_recruitment.model_hr_job,group_general_secretariat,1,1,0,0

access_hr_recruitment_source,hr recruitment source,hr_recruitment.model_hr_recruitment_source,group_information_center,1,1,1,0
access_survey_information_center,survey information center,survey.model_survey_survey,group_information_center,1,0,0,0


access_hr_applicant_information_center,hr applicant Information Center,hr_recruitment.model_hr_applicant,group_information_center,1,1,0,0
access_hr_applicant_general_secretariat,hr applicant General Secretariat,hr_recruitment.model_hr_applicant,group_general_secretariat,1,0,0,0
access_hr_applicant_selecction_affairs,hr applicant Selecction Affairs,hr_recruitment.model_hr_applicant,group_selection_affairs,1,1,0,0

access_hr_recruitment_stage_info_center,hr recruitment stage info center,hr_recruitment.model_hr_recruitment_stage,group_information_center,1,1,0,0
access_hr_recruitment_stage_general_secretariat,hr recruitment stage General Secretariat,hr_recruitment.model_hr_recruitment_stage,group_general_secretariat,1,0,0,0
access_hr_recruitment_stage_selection_affairs,hr recruitment stage Selection Affairs,hr_recruitment.model_hr_recruitment_stage,group_selection_affairs,1,1,0,0

access_survey_selection_affairs,survey selection affairs,survey.model_survey_survey,group_selection_affairs,1,1,1,0
access_survey_question_selection_affairs,survey question selection affairs,survey.model_survey_question,group_selection_affairs,1,1,1,0
access_survey_question_answer_selection_affairs,survey question answer selection affairs,survey.model_survey_question_answer,group_selection_affairs,1,1,1,0
access_suvery_user_input_selection_affairs,survey user input selection affairs,survey.model_survey_user_input,group_selection_affairs,1,0,0,0
access_hr_candidate_selection_affairs,hr candidate selection affairs,hr_recruitment.model_hr_candidate,group_selection_affairs,1,1,1,0
access_hr_candidate_skill_selection_affairs,hr candidate skill selection affairs,hr_recruitment_skills.model_hr_candidate_skill,group_selection_affairs,1,0,0,0

access_survey_general_secretariat,survey general secretariat,survey.model_survey_survey,group_general_secretariat,1,0,0,0
access_survey_user_input_general_secretariat,survey user input general secretariat,survey.model_survey_user_input,group_general_secretariat,1,1,0,0
access_survey_user_input_line_general_secretariat,survey user input line general secretariat,survey.model_survey_user_input_line,group_general_secretariat,1,0,0,0
access_survey_question_general_secretariat,survey question general secretariat,survey.model_survey_question,group_general_secretariat,1,0,0,0
access_survey_question_answer_general_secretariat,survey question answer general secretariat,survey.model_survey_question_answer,group_general_secretariat,1,0,0,0

access_hr_applicant_examinations_department,hr applicant Examinations Department,hr_recruitment.model_hr_applicant,group_examinations_department,1,1,0,0
access_hr_recruitment_stage_examinations_department,hr recruitment stage Examinations Department,hr_recruitment.model_hr_recruitment_stage,group_examinations_department,1,0,0,0

access_hr_applicant_inspection_committee,hr applicant Inspection Committee,hr_recruitment.model_hr_applicant,group_inspection_committee,1,0,0,0
access_hr_recruitment_stage_inspection_committee,hr recruitment stage Inspection Committee,hr_recruitment.model_hr_recruitment_stage,group_inspection_committee,1,0,0,0
access_survey_inspection_committee,survey inspection committee,survey.model_survey_survey,group_inspection_committee,1,0,0,0
access_survey_question_inspection_committee,survey question inspection committee,survey.model_survey_question,group_inspection_committee,1,0,0,0
access_survey_question_answer_inspection_committee,survey question answer inspection committee,survey.model_survey_question_answer,group_inspection_committee,1,0,0,0
access_survey_user_input_inspection_committee,survey user input inspection committee,survey.model_survey_user_input,group_inspection_committee,1,1,1,0
access_survey_user_input_line_inspection_committee,survey user input line inspection committee,survey.model_survey_user_input_line,group_inspection_committee,1,1,1,0
access_survey_signature_inspection_committee,survey.user_input.signature inspection committee,model_survey_user_input_signature,group_inspection_committee,1,1,1,0

access_send_participants_wizard,send participants wizard,model_survey_send_participants_wizard,hr.group_hr_user,1,1,1,0

access_candidate_specialization_selection_affairs,candidate.specialization selection affairs,model_candidate_specialization,hr_recruitment_custom.group_selection_affairs,1,1,1,1
access_candidate_specialization_general_secretariat,candidate.specialization general secretariat,model_candidate_specialization,hr_recruitment_custom.group_general_secretariat,1,1,1,1
access_candidate_specialization_information_center,candidate.specialization information center,model_candidate_specialization,hr_recruitment_custom.group_information_center,1,0,0,0
access_candidate_specialization_examinations_department,candidate.specialization examinations department,model_candidate_specialization,hr_recruitment_custom.group_examinations_department,1,0,0,0
access_candidate_specialization_recruitment_user,candidate.specialization recruitment user,model_candidate_specialization,hr_recruitment.group_hr_recruitment_user,1,0,0,0

access_survey_signature_user,survey.user_input.signature user,model_survey_user_input_signature,hr_recruitment_custom.group_examinations_department,1,1,1,0
access_survey_signature_secretariat,survey.user_input.signature secretariat,model_survey_user_input_signature,hr_recruitment_custom.group_general_secretariat,1,0,0,0

access_hr_selection_decision_selection_affairs,hr.selection.decision.selection.affairs,model_hr_selection_decision,hr_recruitment_custom.group_selection_affairs,1,1,1,1
access_hr_selection_decision_general_secretariat,hr.selection.decision.general.secretariat,model_hr_selection_decision,hr_recruitment_custom.group_general_secretariat,1,0,0,0
access_hr_selection_decision_examinations,hr.selection.decision.examinations,model_hr_selection_decision,hr_recruitment_custom.group_examinations_department,1,0,0,0

access_exam_builder_wizard,exam.builder.wizard,model_exam_builder_wizard,hr_recruitment_custom.group_examinations_department,1,1,1,1
access_exam_builder_wizard_line,exam.builder.wizard.line,model_exam_builder_wizard_line,hr_recruitment_custom.group_examinations_department,1,1,1,1

access_news_news,news.news,model_news_news,group_information_center,1,1,1,1
